accuracy,precision,recall,dice,iou
0.9977865371279446,0.8745995254577474,0.9121024584271077,0.892957398048826,0.8066152074680589
