accuracy,precision,recall,dice,iou
0.9985373247532309,0.7605330000376917,0.826219477558015746,0.792016633812348,0.6556519368896

